{
    "PresetManager": {
        "Presets": {
            "Underlying container": [
                {
                    "first": "8a01e7d6-d514-415e-8da5-4ad1a391c5d1",
                    "second": {
                        "Name": "Default",
                        "Values": [
                            {
                                "index": 2,
                                "data": {
                                    "Name": "Radius",
                                    "Value": 0.5,
                                    "Metadata": {
                                        "Bounds": {
                                            "Has min bound": false,
                                            "Min": 0.0,
                                            "Has max bound": false,
                                            "Max": 1.0,
                                            "Drag speed": 0.009999999776482582,
                                            "Use slider": false
                                        }
                                    },
                                    "Default Value": 0.5,
                                    "Default Metadata": {
                                        "Bounds": {
                                            "Has min bound": false,
                                            "Min": 0.0,
                                            "Has max bound": false,
                                            "Max": 1.0,
                                            "Drag speed": 0.009999999776482582,
                                            "Use slider": false
                                        }
                                    }
                                }
                            },
                            {
                                "index": 3,
                                "data": {
                                    "Name": "Center",
                                    "Value": {
                                        "Point2D": {
                                            "x": 0.0,
                                            "y": 0.0
                                        }
                                    },
                                    "Metadata": {
                                        "Drag speed": 0.00009999999747378752
                                    },
                                    "Default Value": {
                                        "Point2D": {
                                            "x": 0.0,
                                            "y": 0.0
                                        }
                                    },
                                    "Default Metadata": {
                                        "Drag speed": 0.00009999999747378752
                                    }
                                }
                            }
                        ]
                    }
                }
            ]
        }
    }
}