{
    "PresetManager": {
        "Presets": {
            "Underlying container": [
                {
                    "first": "5f16eaf4-c889-4745-afde-77d9eb81c868",
                    "second": {
                        "Name": "Default",
                        "Values": [
                            {
                                "index": 7,
                                "data": {
                                    "Name": "Matrix",
                                    "Value": {
                                        "value0": 1.0,
                                        "value1": 0.0,
                                        "value2": 0.0,
                                        "value3": 1.0
                                    },
                                    "Metadata": {
                                        "Bounds": {
                                            "Has min bound": false,
                                            "Min": 0.0,
                                            "Has max bound": false,
                                            "Max": 1.0,
                                            "Drag speed": 0.009999999776482582,
                                            "Use slider": false
                                        }
                                    },
                                    "Default Value": {
                                        "value0": 1.0,
                                        "value1": 0.0,
                                        "value2": 0.0,
                                        "value3": 1.0
                                    },
                                    "Default Metadata": {
                                        "Bounds": {
                                            "Has min bound": false,
                                            "Min": 0.0,
                                            "Has max bound": false,
                                            "Max": 1.0,
                                            "Drag speed": 0.009999999776482582,
                                            "Use slider": false
                                        }
                                    }
                                }
                            }
                        ]
                    }
                }
            ]
        }
    }
}