{
    "PresetManager": {
        "Presets": {
            "Underlying container": [
                {
                    "first": "812b7f8b-54e6-45e3-a134-eb821a951ec4",
                    "second": {
                        "Name": "Default",
                        "Values": [
                            {
                                "index": 2,
                                "data": {
                                    "Name": "Threshold",
                                    "Value": 0.5,
                                    "Metadata": {
                                        "Bounds": {
                                            "Has min bound": true,
                                            "Min": 0.0,
                                            "Has max bound": true,
                                            "Max": 1.0,
                                            "Drag speed": 0.009999999776482582,
                                            "Use slider": true
                                        }
                                    },
                                    "Default Value": 0.5,
                                    "Default Metadata": {
                                        "Bounds": {
                                            "Has min bound": false,
                                            "Min": 0.0,
                                            "Has max bound": false,
                                            "Max": 1.0,
                                            "Drag speed": 0.009999999776482582,
                                            "Use slider": false
                                        }
                                    }
                                }
                            }
                        ]
                    }
                }
            ]
        }
    }
}