{
    "PresetManager": {
        "Presets": {
            "Underlying container": [
                {
                    "first": "73e58a08-2fa9-44f5-9aa0-661a7f77ff31",
                    "second": {
                        "Name": "Default",
                        "Values": [
                            {
                                "index": 2,
                                "data": {
                                    "Name": "Thickness",
                                    "Value": 0.21899999678134919,
                                    "Metadata": {
                                        "Bounds": {
                                            "Has min bound": true,
                                            "Min": 0.0,
                                            "Has max bound": false,
                                            "Max": 1.0,
                                            "Drag speed": 0.0010000000474974514,
                                            "Use slider": false
                                        }
                                    },
                                    "Default Value": 0.21899999678134919,
                                    "Default Metadata": {
                                        "Bounds": {
                                            "Has min bound": false,
                                            "Min": 0.0,
                                            "Has max bound": false,
                                            "Max": 1.0,
                                            "Drag speed": 0.009999999776482582,
                                            "Use slider": false
                                        }
                                    }
                                }
                            }
                        ]
                    }
                }
            ]
        }
    }
}