{
    "App": {
        "Variable Registries": {
            "Underlying registries": {
                "tuple_element0": {
                    "Underlying registry": {
                        "ptr_wrapper": {
                            "id": 2147483649,
                            "data": {
                                "Underlying container": []
                            }
                        }
                    }
                },
                "tuple_element1": {
                    "Underlying registry": {
                        "ptr_wrapper": {
                            "id": 2147483650,
                            "data": {
                                "Underlying container": []
                            }
                        }
                    }
                },
                "tuple_element2": {
                    "Underlying registry": {
                        "ptr_wrapper": {
                            "id": 2147483651,
                            "data": {
                                "Underlying container": []
                            }
                        }
                    }
                },
                "tuple_element3": {
                    "Underlying registry": {
                        "ptr_wrapper": {
                            "id": 2147483652,
                            "data": {
                                "Underlying container": []
                            }
                        }
                    }
                },
                "tuple_element4": {
                    "Underlying registry": {
                        "ptr_wrapper": {
                            "id": 2147483653,
                            "data": {
                                "Underlying container": []
                            }
                        }
                    }
                },
                "tuple_element5": {
                    "Underlying registry": {
                        "ptr_wrapper": {
                            "id": 2147483654,
                            "data": {
                                "Underlying container": []
                            }
                        }
                    }
                },
                "tuple_element6": {
                    "Underlying registry": {
                        "ptr_wrapper": {
                            "id": 2147483655,
                            "data": {
                                "Underlying container": []
                            }
                        }
                    }
                },
                "tuple_element7": {
                    "Underlying registry": {
                        "ptr_wrapper": {
                            "id": 2147483656,
                            "data": {
                                "Underlying container": []
                            }
                        }
                    }
                },
                "tuple_element8": {
                    "Underlying registry": {
                        "ptr_wrapper": {
                            "id": 2147483657,
                            "data": {
                                "Underlying container": []
                            }
                        }
                    }
                },
                "tuple_element9": {
                    "Underlying registry": {
                        "ptr_wrapper": {
                            "id": 2147483658,
                            "data": {
                                "Underlying container": [
                                    {
                                        "key": "5c092e2b-6cc1-4bac-bfa2-12698ccd14c9",
                                        "value": {
                                            "Name": "",
                                            "Value": {
                                                "Transform": {
                                                    "value0": -0.4603171646595001,
                                                    "value1": 0.8877545595169067,
                                                    "value2": 0.0,
                                                    "value3": -0.0,
                                                    "value4": -0.30193936824798586,
                                                    "value5": -0.15656115114688874,
                                                    "value6": 0.9403836131095886,
                                                    "value7": 0.0,
                                                    "value8": 0.8348298072814941,
                                                    "value9": 0.4328747093677521,
                                                    "value10": 0.34011581540107729,
                                                    "value11": -0.0,
                                                    "value12": 27.000001907348634,
                                                    "value13": 14.000000953674317,
                                                    "value14": 11.0,
                                                    "value15": 1.0
                                                },
                                                "Projection": {
                                                    "Field of View (in radians)": 1.5707963705062867,
                                                    "Near Plane": 0.10000000149011612,
                                                    "Far Plane": 200.0
                                                }
                                            },
                                            "Metadata": {},
                                            "Default Value": {
                                                "Transform": {
                                                    "value0": -0.4603171646595001,
                                                    "value1": 0.8877545595169067,
                                                    "value2": 0.0,
                                                    "value3": -0.0,
                                                    "value4": -0.30193936824798586,
                                                    "value5": -0.15656115114688874,
                                                    "value6": 0.9403836131095886,
                                                    "value7": 0.0,
                                                    "value8": 0.8348298072814941,
                                                    "value9": 0.4328747093677521,
                                                    "value10": 0.34011581540107729,
                                                    "value11": -0.0,
                                                    "value12": 27.000001907348634,
                                                    "value13": 14.000000953674317,
                                                    "value14": 11.0,
                                                    "value15": 1.0
                                                },
                                                "Projection": {
                                                    "Field of View (in radians)": 1.5707963705062867,
                                                    "Near Plane": 0.10000000149011612,
                                                    "Far Plane": 200.0
                                                }
                                            },
                                            "Default Metadata": {}
                                        }
                                    }
                                ]
                            }
                        }
                    }
                },
                "tuple_element10": {
                    "Underlying registry": {
                        "ptr_wrapper": {
                            "id": 2147483659,
                            "data": {
                                "Underlying container": []
                            }
                        }
                    }
                },
                "tuple_element11": {
                    "Underlying registry": {
                        "ptr_wrapper": {
                            "id": 2147483660,
                            "data": {
                                "Underlying container": []
                            }
                        }
                    }
                },
                "tuple_element12": {
                    "Underlying registry": {
                        "ptr_wrapper": {
                            "id": 2147483661,
                            "data": {
                                "Underlying container": []
                            }
                        }
                    }
                },
                "tuple_element13": {
                    "Underlying registry": {
                        "ptr_wrapper": {
                            "id": 2147483662,
                            "data": {
                                "Underlying container": []
                            }
                        }
                    }
                },
                "tuple_element14": {
                    "Underlying registry": {
                        "ptr_wrapper": {
                            "id": 2147483663,
                            "data": {
                                "Underlying container": []
                            }
                        }
                    }
                },
                "tuple_element15": {
                    "Underlying registry": {
                        "ptr_wrapper": {
                            "id": 2147483664,
                            "data": {
                                "Underlying container": []
                            }
                        }
                    }
                },
                "tuple_element16": {
                    "Underlying registry": {
                        "ptr_wrapper": {
                            "id": 2147483665,
                            "data": {
                                "Underlying container": []
                            }
                        }
                    }
                },
                "tuple_element17": {
                    "Underlying registry": {
                        "ptr_wrapper": {
                            "id": 2147483666,
                            "data": {
                                "Underlying container": []
                            }
                        }
                    }
                }
            }
        },
        "Dirty Registry": {
            "Underlying registry": {
                "ptr_wrapper": {
                    "id": 2147483667,
                    "data": {
                        "Underlying container": [
                            {
                                "key": "98e6e5c9-f4dc-4c4a-8aff-a8254ebcb58b",
                                "value": {
                                    "Is Dirty": false
                                }
                            },
                            {
                                "key": "0ec9bcf4-66d3-4d61-87f9-7c21a49c4a1b",
                                "value": {
                                    "Is Dirty": false
                                }
                            },
                            {
                                "key": "b5b76058-e15c-4a48-8c1f-bdf06603d373",
                                "value": {
                                    "Is Dirty": false
                                }
                            }
                        ]
                    }
                }
            }
        },
        "History": {
            "History": {
                "Commits": [],
                "Position in history": {
                    "nullopt": true
                },
                "Max size": 1000
            },
            "Max saved size": 100
        },
        "Nodes Module": {
            "polymorphic_id": 1073741824,
            "ptr_wrapper": {
                "valid": 1,
                "data": {
                    "Base Module": {
                        "Name": "Nodes",
                        "Dirty Flag": {
                            "ID": {
                                "Underlying": {
                                    "ptr_wrapper": {
                                        "id": 2147483668,
                                        "data": {
                                            "UUID": "98e6e5c9-f4dc-4c4a-8aff-a8254ebcb58b",
                                            "Registry": {
                                                "index": 0,
                                                "data": {
                                                    "ptr_wrapper": {
                                                        "id": 19
                                                    }
                                                }
                                            }
                                        }
                                    }
                                }
                            }
                        }
                    },
                    "Node Editor": {
                        "Graph": {
                            "Nodes": {
                                "Underlying container": []
                            },
                            "Links": {
                                "Underlying container": []
                            }
                        },
                        "Editor State": "[editor]\npanning=0,0\nzoom=1.000000\n"
                    },
                    "Main Node ID": "00000000-0000-0000-0000-000000000000",
                    "Dirty Flag: Regenerate Code": {
                        "ID": {
                            "Underlying": {
                                "ptr_wrapper": {
                                    "id": 2147483669,
                                    "data": {
                                        "UUID": "b5b76058-e15c-4a48-8c1f-bdf06603d373",
                                        "Registry": {
                                            "index": 0,
                                            "data": {
                                                "ptr_wrapper": {
                                                    "id": 19
                                                }
                                            }
                                        }
                                    }
                                }
                            }
                        }
                    },
                    "Shader": {
                        "Shader Dirty Flag": {
                            "ID": {
                                "Underlying": {
                                    "ptr_wrapper": {
                                        "id": 2147483670,
                                        "data": {
                                            "UUID": "0ec9bcf4-66d3-4d61-87f9-7c21a49c4a1b",
                                            "Registry": {
                                                "index": 0,
                                                "data": {
                                                    "ptr_wrapper": {
                                                        "id": 19
                                                    }
                                                }
                                            }
                                        }
                                    }
                                }
                            }
                        }
                    }
                }
            }
        },
        "Preview Constraint": {
            "Is controlling the number of pixels": false,
            "Number of pixels": 250000,
            "Is controlling the aspect ratio": false,
            "Aspect ratio": 1.7777777910232545,
            "Interpolation mode": 0
        },
        "Camera Manager": {
            "Camera ID": {
                "Underlying": {
                    "ptr_wrapper": {
                        "id": 2147483671,
                        "data": {
                            "UUID": "5c092e2b-6cc1-4bac-bfa2-12698ccd14c9",
                            "Registry": {
                                "index": 0,
                                "data": {
                                    "ptr_wrapper": {
                                        "id": 10
                                    }
                                }
                            }
                        }
                    }
                }
            },
            "ViewController": {
                "Mode": 1,
                "Translation Speed": 0.009999999776482582,
                "Rotation Speed": 0.009999999776482582,
                "Distance to Orbit Center": 5.0
            }
        },
        "Camera 2D": {
            "Name": "",
            "Value": {
                "Translation": {
                    "x": 0.0,
                    "y": 0.0
                },
                "Zoom": 1.0,
                "Rotation": {
                    "Radians": {
                        "Radians": 0.0
                    }
                }
            },
            "Metadata": {
                "Number of snaps": 24,
                "Snaps offset (in radians)": 0.0,
                "Always snap": false
            },
            "Default Value": {
                "Translation": {
                    "x": 0.0,
                    "y": 0.0
                },
                "Zoom": 1.0,
                "Rotation": {
                    "Radians": {
                        "Radians": 0.0
                    }
                }
            },
            "Default Metadata": {
                "Number of snaps": 24,
                "Snaps offset (in radians)": 0.0,
                "Always snap": false
            }
        },
        "Exporter (Image and Video)": {
            "Video Settings": {
                "FPS": 30.0,
                "Beginning": 0.0,
                "End": 10.0
            },
            "Image Size": {
                "Size": {
                    "w": 1920,
                    "h": 1080
                },
                "Aspect Ratio is Locked": true,
                "Aspect Ratio": 1.7777777910232545
            },
            "Image Output Folder": "C:\\Dev\\Cool\\Lab\\bin\\Release\\out",
            "Video Output Folder": "C:\\Dev\\Cool\\Lab\\bin\\Release\\exports"
        }
    }
}