{
    "App": {
        "Variable Registries": {
            "Underlying registries": {
                "tuple_element0": {
                    "Underlying container": []
                },
                "tuple_element1": {
                    "Underlying container": []
                },
                "tuple_element2": {
                    "Underlying container": []
                },
                "tuple_element3": {
                    "Underlying container": []
                },
                "tuple_element4": {
                    "Underlying container": []
                },
                "tuple_element5": {
                    "Underlying container": []
                },
                "tuple_element6": {
                    "Underlying container": []
                },
                "tuple_element7": {
                    "Underlying container": []
                },
                "tuple_element8": {
                    "Underlying container": []
                },
                "tuple_element9": {
                    "Underlying container": [
                        {
                            "key": "e7e79ad7-4eec-4c0b-8def-d7fa46af1968",
                            "value": {
                                "Name": "",
                                "Value": {
                                    "Transform": {
                                        "value0": -0.4603171646595001,
                                        "value1": 0.8877545595169067,
                                        "value2": 0.0,
                                        "value3": -0.0,
                                        "value4": -0.30193936824798586,
                                        "value5": -0.15656115114688874,
                                        "value6": 0.9403836131095886,
                                        "value7": 0.0,
                                        "value8": 0.8348298072814941,
                                        "value9": 0.4328747093677521,
                                        "value10": 0.34011581540107729,
                                        "value11": -0.0,
                                        "value12": 27.000001907348634,
                                        "value13": 14.000000953674317,
                                        "value14": 11.0,
                                        "value15": 1.0
                                    },
                                    "Projection": {
                                        "Field of View (in radians)": 1.5707963705062867,
                                        "Near Plane": 0.10000000149011612,
                                        "Far Plane": 200.0
                                    }
                                },
                                "Metadata": {},
                                "Default Value": {
                                    "Transform": {
                                        "value0": -0.4603171646595001,
                                        "value1": 0.8877545595169067,
                                        "value2": 0.0,
                                        "value3": -0.0,
                                        "value4": -0.30193936824798586,
                                        "value5": -0.15656115114688874,
                                        "value6": 0.9403836131095886,
                                        "value7": 0.0,
                                        "value8": 0.8348298072814941,
                                        "value9": 0.4328747093677521,
                                        "value10": 0.34011581540107729,
                                        "value11": -0.0,
                                        "value12": 27.000001907348634,
                                        "value13": 14.000000953674317,
                                        "value14": 11.0,
                                        "value15": 1.0
                                    },
                                    "Projection": {
                                        "Field of View (in radians)": 1.5707963705062867,
                                        "Near Plane": 0.10000000149011612,
                                        "Far Plane": 200.0
                                    }
                                },
                                "Default Metadata": {}
                            }
                        }
                    ]
                },
                "tuple_element10": {
                    "Underlying container": []
                },
                "tuple_element11": {
                    "Underlying container": []
                },
                "tuple_element12": {
                    "Underlying container": []
                },
                "tuple_element13": {
                    "Underlying container": []
                },
                "tuple_element14": {
                    "Underlying container": []
                },
                "tuple_element15": {
                    "Underlying container": []
                },
                "tuple_element16": {
                    "Underlying container": []
                },
                "tuple_element17": {
                    "Underlying container": []
                }
            }
        },
        "Dirty Registry": {
            "Underlying container": [
                {
                    "key": "466adf4e-ee8c-4ac9-a1a5-08ad68bb6f13",
                    "value": {
                        "Is Dirty": false
                    }
                },
                {
                    "key": "dc9197fd-80fa-4671-be1d-f79c6a0fe98b",
                    "value": {
                        "Is Dirty": false
                    }
                },
                {
                    "key": "1769e565-3525-4d91-a5a4-6517056ae04b",
                    "value": {
                        "Is Dirty": false
                    }
                }
            ]
        },
        "History": {
            "History": {
                "Commits": [],
                "Position in history": {
                    "nullopt": true
                },
                "Max size": 1000
            },
            "Max saved size": 100
        },
        "is0 Module": {
            "polymorphic_id": 1073741824,
            "ptr_wrapper": {
                "valid": 1,
                "data": {
                    "Base Module": {
                        "Name": "Nodes",
                        "Dirty Flag": {
                            "ID": "466adf4e-ee8c-4ac9-a1a5-08ad68bb6f13"
                        }
                    },
                    "Node Editor": {
                        "Graph": {
                            "Nodes": {
                                "Underlying container": []
                            },
                            "Links": {
                                "Underlying container": []
                            }
                        },
                        "Editor State": "[editor]\npanning=0,0\nzoom=1.000000\n"
                    },
                    "Main Node ID": "00000000-0000-0000-0000-000000000000",
                    "Dirty Flag: Regenerate Code": {
                        "ID": "1769e565-3525-4d91-a5a4-6517056ae04b"
                    },
                    "Shader": {
                        "Shader Dirty Flag": {
                            "ID": "dc9197fd-80fa-4671-be1d-f79c6a0fe98b"
                        }
                    }
                }
            }
        },
        "Nodes Module": {
            "polymorphic_id": 1073741824,
            "ptr_wrapper": {
                "valid": 1,
                "data": {
                    "Base Module": {
                        "Name": "Nodes",
                        "Dirty Flag": {
                            "ID": "466adf4e-ee8c-4ac9-a1a5-08ad68bb6f13"
                        }
                    },
                    "Node Editor": {
                        "Graph": {
                            "Nodes": {
                                "Underlying container": []
                            },
                            "Links": {
                                "Underlying container": []
                            }
                        },
                        "Editor State": "[editor]\npanning=0,0\nzoom=1.000000\n"
                    },
                    "Main Node ID": "00000000-0000-0000-0000-000000000000",
                    "Dirty Flag: Regenerate Code": {
                        "ID": "1769e565-3525-4d91-a5a4-6517056ae04b"
                    },
                    "Shader": {
                        "Shader Dirty Flag": {
                            "ID": "dc9197fd-80fa-4671-be1d-f79c6a0fe98b"
                        }
                    }
                }
            }
        },
        "Preview Constraint": {
            "Is controlling the number of pixels": false,
            "Number of pixels": 250000,
            "Is controlling the aspect ratio": false,
            "Aspect ratio": 1.7777777910232545,
            "Interpolation mode": 0
        },
        "Camera Manager": {
            "Camera ID": "e7e79ad7-4eec-4c0b-8def-d7fa46af1968",
            "ViewController": {
                "Mode": 1,
                "Translation Speed": 0.009999999776482582,
                "Rotation Speed": 0.009999999776482582,
                "Distance to Orbit Center": 5.0
            }
        },
        "Camera 2D": {
            "Name": "",
            "Value": {
                "Translation": {
                    "x": 0.0,
                    "y": 0.0
                },
                "Zoom": 1.0,
                "Rotation": {
                    "Radians": {
                        "Radians": 0.0
                    }
                }
            },
            "Metadata": {
                "Number of snaps": 24,
                "Snaps offset (in radians)": 0.0,
                "Always snap": false
            },
            "Default Value": {
                "Translation": {
                    "x": 0.0,
                    "y": 0.0
                },
                "Zoom": 1.0,
                "Rotation": {
                    "Radians": {
                        "Radians": 0.0
                    }
                }
            },
            "Default Metadata": {
                "Number of snaps": 24,
                "Snaps offset (in radians)": 0.0,
                "Always snap": false
            }
        },
        "Exporter (Image and Video)": {
            "Video Settings": {
                "FPS": 30.0,
                "Beginning": 0.0,
                "End": 10.0
            },
            "Image Size": {
                "Size": {
                    "w": 1920,
                    "h": 1080
                },
                "Aspect Ratio is Locked": true,
                "Aspect Ratio": 1.7777777910232545
            },
            "Image Output Folder": "C:\\Dev\\Cool\\Lab2\\bin\\Release\\out",
            "Video Output Folder": "C:\\Dev\\Cool\\Lab2\\bin\\Release\\exports"
        }
    }
}