{
    "PresetManager": {
        "Presets": {
            "Underlying container": [
                {
                    "first": "685f5fe2-d345-4dd9-9cfa-609f05418136",
                    "second": {
                        "Name": "Default",
                        "Values": [
                            {
                                "index": 11,
                                "data": {
                                    "Name": "Angle",
                                    "Value": {
                                        "Radians": {
                                            "Radians": 0.0
                                        }
                                    },
                                    "Metadata": {
                                        "Number of snaps": 24,
                                        "Snaps offset (in radians)": 0.0,
                                        "Always snap": false
                                    },
                                    "Default Value": {
                                        "Radians": {
                                            "Radians": 0.0
                                        }
                                    },
                                    "Default Metadata": {
                                        "Number of snaps": 24,
                                        "Snaps offset (in radians)": 0.0,
                                        "Always snap": false
                                    }
                                }
                            },
                            {
                                "index": 3,
                                "data": {
                                    "Name": "Center",
                                    "Value": {
                                        "Point2D": {
                                            "x": 0.0,
                                            "y": 0.0
                                        }
                                    },
                                    "Metadata": {
                                        "Drag speed": 0.00009999999747378752
                                    },
                                    "Default Value": {
                                        "Point2D": {
                                            "x": 0.0,
                                            "y": 0.0
                                        }
                                    },
                                    "Default Metadata": {
                                        "Drag speed": 0.00009999999747378752
                                    }
                                }
                            }
                        ]
                    }
                }
            ]
        }
    }
}