{
    "PresetManager": {
        "Presets": {
            "value0": {
                "value0": [
                    {
                        "first": {
                            "value0": {
                                "value0": "e8fad692-4ae8-4479-ad88-744d3d95304e"
                            }
                        },
                        "second": {
                            "Name": "Default",
                            "Values": [
                                {
                                    "index": 1,
                                    "data": {
                                        "Name": "N",
                                        "Value": 8,
                                        "Metadata": {
                                            "Min Value": 0,
                                            "Max Value": 15
                                        },
                                        "Default Value": 8,
                                        "Default Metadata": {
                                            "Min Value": 0,
                                            "Max Value": 10
                                        }
                                    }
                                },
                                {
                                    "index": 2,
                                    "data": {
                                        "Name": "Mask",
                                        "Value": 1.0,
                                        "Metadata": {
                                            "Min Value": 0.0,
                                            "Max Value": 1.0,
                                            "Bounded": true,
                                            "Drag speed": 0.009999999776482582
                                        },
                                        "Default Value": 1.0,
                                        "Default Metadata": {
                                            "Min Value": 0.0,
                                            "Max Value": 1.0,
                                            "Bounded": true,
                                            "Drag speed": 0.009999999776482582
                                        }
                                    }
                                }
                            ]
                        }
                    }
                ]
            }
        }
    }
}