{
    "PresetManager": {
        "Presets": {
            "value0": {
                "value0": [
                    {
                        "first": {
                            "value0": {
                                "value0": "6f7a662f-7013-4c64-b168-65ffa54fde3c"
                            }
                        },
                        "second": {
                            "Name": "Default",
                            "Values": [
                                {
                                    "index": 7,
                                    "data": {
                                        "Name": "Color1",
                                        "Value": {
                                            "RGB": {
                                                "x": 0.0,
                                                "y": 0.0,
                                                "z": 0.0
                                            }
                                        },
                                        "Metadata": {
                                            "Is HDR": false
                                        },
                                        "Default Value": {
                                            "RGB": {
                                                "x": 0.0,
                                                "y": 0.0,
                                                "z": 0.0
                                            }
                                        },
                                        "Default Metadata": {
                                            "Is HDR": false
                                        }
                                    }
                                },
                                {
                                    "index": 7,
                                    "data": {
                                        "Name": "Color2",
                                        "Value": {
                                            "RGB": {
                                                "x": 1.0,
                                                "y": 1.0,
                                                "z": 1.0
                                            }
                                        },
                                        "Metadata": {
                                            "Is HDR": false
                                        },
                                        "Default Value": {
                                            "RGB": {
                                                "x": 1.0,
                                                "y": 1.0,
                                                "z": 1.0
                                            }
                                        },
                                        "Default Metadata": {
                                            "Is HDR": false
                                        }
                                    }
                                },
                                {
                                    "index": 2,
                                    "data": {
                                        "Name": "Mask",
                                        "Value": 1.0,
                                        "Metadata": {
                                            "Min Value": 0.0,
                                            "Max Value": 1.0,
                                            "Bounded": true,
                                            "Drag speed": 0.009999999776482582
                                        },
                                        "Default Value": 1.0,
                                        "Default Metadata": {
                                            "Min Value": 0.0,
                                            "Max Value": 1.0,
                                            "Bounded": true,
                                            "Drag speed": 0.009999999776482582
                                        }
                                    }
                                }
                            ]
                        }
                    }
                ]
            }
        }
    }
}