{
    "PresetManager": {
        "Presets": {
            "value0": {
                "value0": [
                    {
                        "first": {
                            "value0": {
                                "value0": "f12e9a85-3739-4b1b-acab-bb1185f30564"
                            }
                        },
                        "second": {
                            "Name": "Default",
                            "Values": [
                                {
                                    "index": 2,
                                    "data": {
                                        "Name": "Scale",
                                        "Value": 1.9670000076293946,
                                        "Metadata": {
                                            "Min Value": 0.0010000000474974514,
                                            "Max Value": 3.0,
                                            "Bounded": true,
                                            "Drag speed": 0.009999999776482582
                                        },
                                        "Default Value": 1.9670000076293946,
                                        "Default Metadata": {
                                            "Min Value": 0.0,
                                            "Max Value": 1.0,
                                            "Bounded": true,
                                            "Drag speed": 0.009999999776482582
                                        }
                                    }
                                },
                                {
                                    "index": 3,
                                    "data": {
                                        "Name": "Center",
                                        "Value": {
                                            "Point2D": {
                                                "x": 0.0,
                                                "y": 0.0
                                            }
                                        },
                                        "Metadata": {},
                                        "Default Value": {
                                            "Point2D": {
                                                "x": 0.0,
                                                "y": 0.0
                                            }
                                        },
                                        "Default Metadata": {}
                                    }
                                },
                                {
                                    "index": 2,
                                    "data": {
                                        "Name": "Iterations",
                                        "Value": 9.0,
                                        "Metadata": {
                                            "Min Value": 0.0,
                                            "Max Value": 20.0,
                                            "Bounded": true,
                                            "Drag speed": 0.009999999776482582
                                        },
                                        "Default Value": 9.0,
                                        "Default Metadata": {
                                            "Min Value": 0.0,
                                            "Max Value": 1.0,
                                            "Bounded": true,
                                            "Drag speed": 0.009999999776482582
                                        }
                                    }
                                },
                                {
                                    "index": 2,
                                    "data": {
                                        "Name": "Mask",
                                        "Value": 0.9879999756813049,
                                        "Metadata": {
                                            "Min Value": 0.0,
                                            "Max Value": 1.0,
                                            "Bounded": true,
                                            "Drag speed": 0.009999999776482582
                                        },
                                        "Default Value": 0.9879999756813049,
                                        "Default Metadata": {
                                            "Min Value": 0.0,
                                            "Max Value": 1.0,
                                            "Bounded": true,
                                            "Drag speed": 0.009999999776482582
                                        }
                                    }
                                }
                            ]
                        }
                    }
                ]
            }
        }
    }
}