{
    "PresetManager": {
        "Presets": {
            "value0": {
                "value0": [
                    {
                        "first": {
                            "value0": {
                                "value0": "9b3112e3-bdb5-4fe6-a765-585dba202575"
                            }
                        },
                        "second": {
                            "Name": "Default",
                            "Values": [
                                {
                                    "index": 3,
                                    "data": {
                                        "Name": "Center",
                                        "Value": {
                                            "Point2D": {
                                                "x": 0.0,
                                                "y": 0.0
                                            }
                                        },
                                        "Metadata": {},
                                        "Default Value": {
                                            "Point2D": {
                                                "x": 0.0,
                                                "y": 0.0
                                            }
                                        },
                                        "Default Metadata": {}
                                    }
                                },
                                {
                                    "index": 2,
                                    "data": {
                                        "Name": "Size",
                                        "Value": 0.5,
                                        "Metadata": {
                                            "Min Value": 0.0,
                                            "Max Value": 1.5,
                                            "Bounded": true,
                                            "Drag speed": 0.009999999776482582
                                        },
                                        "Default Value": 0.5,
                                        "Default Metadata": {
                                            "Min Value": 0.0,
                                            "Max Value": 1.0,
                                            "Bounded": true,
                                            "Drag speed": 0.009999999776482582
                                        }
                                    }
                                },
                                {
                                    "index": 2,
                                    "data": {
                                        "Name": "Strength",
                                        "Value": 1.5,
                                        "Metadata": {
                                            "Min Value": 0.0,
                                            "Max Value": 1.0,
                                            "Bounded": false,
                                            "Drag speed": 0.009999999776482582
                                        },
                                        "Default Value": 1.5,
                                        "Default Metadata": {
                                            "Min Value": 0.0,
                                            "Max Value": 1.0,
                                            "Bounded": true,
                                            "Drag speed": 0.009999999776482582
                                        }
                                    }
                                },
                                {
                                    "index": 2,
                                    "data": {
                                        "Name": "Mask",
                                        "Value": 1.0,
                                        "Metadata": {
                                            "Min Value": 0.0,
                                            "Max Value": 1.0,
                                            "Bounded": true,
                                            "Drag speed": 0.009999999776482582
                                        },
                                        "Default Value": 1.0,
                                        "Default Metadata": {
                                            "Min Value": 0.0,
                                            "Max Value": 1.0,
                                            "Bounded": true,
                                            "Drag speed": 0.009999999776482582
                                        }
                                    }
                                }
                            ]
                        }
                    }
                ]
            }
        }
    }
}