{
    "Themes": [
        {
            "Name": "Dark",
            "Is dark mode": true,
            "Categories colors": [
                {
                    "key": "Bright Color",
                    "value": {
                        "R": 0.19607843458652497,
                        "G": 0.2235294133424759,
                        "B": 0.26274511218070986
                    }
                },
                {
                    "key": "Text",
                    "value": {
                        "R": 0.8941176533699036,
                        "G": 0.9137254953384399,
                        "B": 0.9098039269447327
                    }
                },
                {
                    "key": "Medium Color",
                    "value": {
                        "R": 0.10980392247438431,
                        "G": 0.125490203499794,
                        "B": 0.14509804546833039
                    }
                },
                {
                    "key": "Background",
                    "value": {
                        "R": 0.062745101749897,
                        "G": 0.07058823853731156,
                        "B": 0.0784313753247261
                    }
                },
                {
                    "key": "Accent Color",
                    "value": {
                        "R": 0.3019607961177826,
                        "G": 0.4470588266849518,
                        "B": 0.8901960849761963
                    }
                }
            ]
        },
        {
            "Name": "Light",
            "Is dark mode": false,
            "Categories colors": [
                {
                    "key": "Bright Color",
                    "value": {
                        "R": 0.6705882549285889,
                        "G": 0.7019608020782471,
                        "B": 0.7568627595901489
                    }
                },
                {
                    "key": "Text",
                    "value": {
                        "R": 0.062745101749897,
                        "G": 0.07058823853731156,
                        "B": 0.0784313753247261
                    }
                },
                {
                    "key": "Medium Color",
                    "value": {
                        "R": 0.8039215803146362,
                        "G": 0.8274509906768799,
                        "B": 0.8627451062202454
                    }
                },
                {
                    "key": "Background",
                    "value": {
                        "R": 0.8941176533699036,
                        "G": 0.9137254953384399,
                        "B": 0.9098039269447327
                    }
                },
                {
                    "key": "Accent Color",
                    "value": {
                        "R": 0.3019607961177826,
                        "G": 0.4470588266849518,
                        "B": 0.8901960849761963
                    }
                }
            ]
        }
    ]
}