{
    "PresetManager": {
        "Presets": {
            "Underlying container": [
                {
                    "first": "17b6ead2-dd6c-4815-86f7-732e779414de",
                    "second": {
                        "Name": "Default",
                        "Values": [
                            {
                                "index": 2,
                                "data": {
                                    "Name": "Grid Size",
                                    "Value": 3.0,
                                    "Metadata": {
                                        "Bounds": {
                                            "Has min bound": true,
                                            "Min": 0.0,
                                            "Has max bound": false,
                                            "Max": 1.0,
                                            "Drag speed": 0.009999999776482582,
                                            "Use slider": false
                                        }
                                    },
                                    "Default Value": 0.0,
                                    "Default Metadata": {
                                        "Bounds": {
                                            "Has min bound": false,
                                            "Min": 0.0,
                                            "Has max bound": false,
                                            "Max": 1.0,
                                            "Drag speed": 0.009999999776482582,
                                            "Use slider": false
                                        }
                                    }
                                }
                            },
                            {
                                "index": 2,
                                "data": {
                                    "Name": "Randomness",
                                    "Value": 1.0,
                                    "Metadata": {
                                        "Bounds": {
                                            "Has min bound": true,
                                            "Min": 0.0,
                                            "Has max bound": true,
                                            "Max": 1.0,
                                            "Drag speed": 0.009999999776482582,
                                            "Use slider": true
                                        }
                                    },
                                    "Default Value": 0.0,
                                    "Default Metadata": {
                                        "Bounds": {
                                            "Has min bound": false,
                                            "Min": 0.0,
                                            "Has max bound": false,
                                            "Max": 1.0,
                                            "Drag speed": 0.009999999776482582,
                                            "Use slider": false
                                        }
                                    }
                                }
                            },
                            {
                                "index": 2,
                                "data": {
                                    "Name": "Seed",
                                    "Value": 0.0,
                                    "Metadata": {
                                        "Bounds": {
                                            "Has min bound": false,
                                            "Min": 0.0,
                                            "Has max bound": false,
                                            "Max": 1.0,
                                            "Drag speed": 0.009999999776482582,
                                            "Use slider": false
                                        }
                                    },
                                    "Default Value": 0.0,
                                    "Default Metadata": {
                                        "Bounds": {
                                            "Has min bound": false,
                                            "Min": 0.0,
                                            "Has max bound": false,
                                            "Max": 1.0,
                                            "Drag speed": 0.009999999776482582,
                                            "Use slider": false
                                        }
                                    }
                                }
                            }
                        ]
                    }
                }
            ]
        }
    }
}