{
    "PresetManager": {
        "Presets": {
            "Underlying container": [
                {
                    "first": "825e9f85-9d39-4f24-a2bb-cbffca0bd5f1",
                    "second": {
                        "Name": "Default",
                        "Values": [
                            {
                                "index": 3,
                                "data": {
                                    "Name": "Anchor 1",
                                    "Value": {
                                        "Point2D": {
                                            "x": -0.75,
                                            "y": 0.5
                                        }
                                    },
                                    "Metadata": {
                                        "Drag speed": 0.00009999999747378752
                                    },
                                    "Default Value": {
                                        "Point2D": {
                                            "x": -0.75,
                                            "y": 0.5
                                        }
                                    },
                                    "Default Metadata": {
                                        "Drag speed": 0.00009999999747378752
                                    }
                                }
                            },
                            {
                                "index": 3,
                                "data": {
                                    "Name": "Handle 1",
                                    "Value": {
                                        "Point2D": {
                                            "x": -0.5,
                                            "y": -0.5
                                        }
                                    },
                                    "Metadata": {
                                        "Drag speed": 0.00009999999747378752
                                    },
                                    "Default Value": {
                                        "Point2D": {
                                            "x": -0.5,
                                            "y": -0.5
                                        }
                                    },
                                    "Default Metadata": {
                                        "Drag speed": 0.00009999999747378752
                                    }
                                }
                            },
                            {
                                "index": 3,
                                "data": {
                                    "Name": "Handle 2",
                                    "Value": {
                                        "Point2D": {
                                            "x": 0.5,
                                            "y": -0.5
                                        }
                                    },
                                    "Metadata": {
                                        "Drag speed": 0.00009999999747378752
                                    },
                                    "Default Value": {
                                        "Point2D": {
                                            "x": 0.5,
                                            "y": -0.5
                                        }
                                    },
                                    "Default Metadata": {
                                        "Drag speed": 0.00009999999747378752
                                    }
                                }
                            },
                            {
                                "index": 3,
                                "data": {
                                    "Name": "Anchor 2",
                                    "Value": {
                                        "Point2D": {
                                            "x": 0.75,
                                            "y": 0.5
                                        }
                                    },
                                    "Metadata": {
                                        "Drag speed": 0.00009999999747378752
                                    },
                                    "Default Value": {
                                        "Point2D": {
                                            "x": 0.75,
                                            "y": 0.5
                                        }
                                    },
                                    "Default Metadata": {
                                        "Drag speed": 0.00009999999747378752
                                    }
                                }
                            }
                        ]
                    }
                }
            ]
        }
    }
}