{
    "PresetManager": {
        "Presets": {
            "Underlying container": [
                {
                    "first": "e01dd696-270d-45e0-8455-64b54680c9b8",
                    "second": {
                        "Name": "Default",
                        "Values": [
                            {
                                "index": 5,
                                "data": {
                                    "Name": "Size",
                                    "Value": {
                                        "x": 1.0,
                                        "y": 1.0,
                                        "z": 1.0
                                    },
                                    "Metadata": {
                                        "Bounds": {
                                            "Has min bound": true,
                                            "Min": 0.0,
                                            "Has max bound": false,
                                            "Max": 1.0,
                                            "Drag speed": 0.009999999776482582,
                                            "Use slider": false
                                        }
                                    },
                                    "Default Value": {
                                        "x": 1.0,
                                        "y": 1.0,
                                        "z": 1.0
                                    },
                                    "Default Metadata": {
                                        "Bounds": {
                                            "Has min bound": false,
                                            "Min": 0.0,
                                            "Has max bound": false,
                                            "Max": 1.0,
                                            "Drag speed": 0.009999999776482582,
                                            "Use slider": false
                                        }
                                    }
                                }
                            },
                            {
                                "index": 2,
                                "data": {
                                    "Name": "Thickness",
                                    "Value": 0.05000000074505806,
                                    "Metadata": {
                                        "Bounds": {
                                            "Has min bound": true,
                                            "Min": 0.0,
                                            "Has max bound": false,
                                            "Max": 1.0,
                                            "Drag speed": 0.0010000000474974514,
                                            "Use slider": false
                                        }
                                    },
                                    "Default Value": 0.0,
                                    "Default Metadata": {
                                        "Bounds": {
                                            "Has min bound": false,
                                            "Min": 0.0,
                                            "Has max bound": false,
                                            "Max": 1.0,
                                            "Drag speed": 0.009999999776482582,
                                            "Use slider": false
                                        }
                                    }
                                }
                            }
                        ]
                    }
                }
            ]
        }
    }
}