{
    "PresetManager": {
        "Presets": {
            "Underlying container": [
                {
                    "first": "129e37d0-ba3f-48e7-b130-ddf5c1034b11",
                    "second": {
                        "Name": "Default",
                        "Values": [
                            {
                                "index": 1,
                                "data": {
                                    "Name": "Detail",
                                    "Value": 5,
                                    "Metadata": {
                                        "Bounds": {
                                            "Has min bound": true,
                                            "Min": 1,
                                            "Has max bound": true,
                                            "Max": 8,
                                            "Drag speed": 0.03999999910593033,
                                            "Use slider": false
                                        }
                                    },
                                    "Default Value": 0,
                                    "Default Metadata": {
                                        "Bounds": {
                                            "Has min bound": false,
                                            "Min": 0,
                                            "Has max bound": false,
                                            "Max": 12,
                                            "Drag speed": 0.03999999910593033,
                                            "Use slider": false
                                        }
                                    }
                                }
                            }
                        ]
                    }
                }
            ]
        }
    }
}