{
    "PresetManager": {
        "Presets": {
            "Underlying container": [
                {
                    "first": "645e48eb-6b9b-4116-95cf-2ce1371a2638",
                    "second": {
                        "Name": "Default",
                        "Values": [
                            {
                                "index": 1,
                                "data": {
                                    "Name": "Repetitions",
                                    "Value": 6,
                                    "Metadata": {
                                        "Bounds": {
                                            "Has min bound": true,
                                            "Min": 2,
                                            "Has max bound": false,
                                            "Max": 12,
                                            "Drag speed": 0.009999999776482582,
                                            "Use slider": false
                                        }
                                    },
                                    "Default Value": 6,
                                    "Default Metadata": {
                                        "Bounds": {
                                            "Has min bound": false,
                                            "Min": 0,
                                            "Has max bound": false,
                                            "Max": 12,
                                            "Drag speed": 0.019999999552965165,
                                            "Use slider": false
                                        }
                                    }
                                }
                            },
                            {
                                "index": 2,
                                "data": {
                                    "Name": "Fix Artifacts",
                                    "Value": 0.0,
                                    "Metadata": {
                                        "Bounds": {
                                            "Has min bound": true,
                                            "Min": 0.0,
                                            "Has max bound": true,
                                            "Max": 0.9990000128746033,
                                            "Drag speed": 0.009999999776482582,
                                            "Use slider": true
                                        }
                                    },
                                    "Default Value": 0.0,
                                    "Default Metadata": {
                                        "Bounds": {
                                            "Has min bound": true,
                                            "Min": 0.0,
                                            "Has max bound": true,
                                            "Max": 0.9990000128746033,
                                            "Drag speed": 0.009999999776482582,
                                            "Use slider": true
                                        }
                                    }
                                }
                            }
                        ]
                    }
                }
            ]
        }
    }
}