{
    "PresetManager": {
        "Presets": {
            "Underlying container": [
                {
                    "first": "f68b06c4-c16a-49a1-b8b7-7d997b200a35",
                    "second": {
                        "Name": "Default",
                        "Values": [
                            {
                                "index": 1,
                                "data": {
                                    "Name": "Number of segments",
                                    "Value": 67,
                                    "Metadata": {
                                        "Bounds": {
                                            "Has min bound": true,
                                            "Min": 0,
                                            "Has max bound": false,
                                            "Max": 12,
                                            "Drag speed": 0.09000000357627869,
                                            "Use slider": false
                                        }
                                    },
                                    "Default Value": 67,
                                    "Default Metadata": {
                                        "Bounds": {
                                            "Has min bound": false,
                                            "Min": 0,
                                            "Has max bound": false,
                                            "Max": 12,
                                            "Drag speed": 0.03999999910593033,
                                            "Use slider": false
                                        }
                                    }
                                }
                            },
                            {
                                "index": 2,
                                "data": {
                                    "Name": "Thickness",
                                    "Value": 0.004000000189989805,
                                    "Metadata": {
                                        "Bounds": {
                                            "Has min bound": true,
                                            "Min": 0.0,
                                            "Has max bound": false,
                                            "Max": 1.0,
                                            "Drag speed": 0.00040099999750964344,
                                            "Use slider": false
                                        }
                                    },
                                    "Default Value": 0.004000000189989805,
                                    "Default Metadata": {
                                        "Bounds": {
                                            "Has min bound": false,
                                            "Min": 0.0,
                                            "Has max bound": false,
                                            "Max": 1.0,
                                            "Drag speed": 0.009999999776482582,
                                            "Use slider": false
                                        }
                                    }
                                }
                            },
                            {
                                "index": 2,
                                "data": {
                                    "Name": "Segments offset",
                                    "Value": 0.30000001192092898,
                                    "Metadata": {
                                        "Bounds": {
                                            "Has min bound": false,
                                            "Min": 0.0,
                                            "Has max bound": false,
                                            "Max": 1.0,
                                            "Drag speed": 0.00019999999494757503,
                                            "Use slider": false
                                        }
                                    },
                                    "Default Value": 0.30000001192092898,
                                    "Default Metadata": {
                                        "Bounds": {
                                            "Has min bound": false,
                                            "Min": 0.0,
                                            "Has max bound": false,
                                            "Max": 1.0,
                                            "Drag speed": 0.009999999776482582,
                                            "Use slider": false
                                        }
                                    }
                                }
                            }
                        ]
                    }
                }
            ]
        }
    }
}