{
    "PresetManager": {
        "Presets": {
            "Underlying container": [
                {
                    "first": "323158e9-ea37-4ca1-83aa-42bc436d7d03",
                    "second": {
                        "Name": "Default",
                        "Values": [
                            {
                                "index": 7,
                                "data": {
                                    "Name": "Shadows",
                                    "Value": {
                                        "sRGB": {
                                            "x": 0.0,
                                            "y": 0.0,
                                            "z": 0.0
                                        }
                                    },
                                    "Metadata": {
                                        "Is HDR": false
                                    },
                                    "Default Value": {
                                        "sRGB": {
                                            "x": 1.0,
                                            "y": 0.0,
                                            "z": 0.0
                                        }
                                    },
                                    "Default Metadata": {
                                        "Is HDR": false
                                    }
                                }
                            },
                            {
                                "index": 7,
                                "data": {
                                    "Name": "Midtones",
                                    "Value": {
                                        "sRGB": {
                                            "x": 0.0,
                                            "y": 0.0,
                                            "z": 0.0
                                        }
                                    },
                                    "Metadata": {
                                        "Is HDR": false
                                    },
                                    "Default Value": {
                                        "sRGB": {
                                            "x": 0.004000000189989805,
                                            "y": 1.0,
                                            "z": 0.0
                                        }
                                    },
                                    "Default Metadata": {
                                        "Is HDR": false
                                    }
                                }
                            },
                            {
                                "index": 7,
                                "data": {
                                    "Name": "Highlights",
                                    "Value": {
                                        "sRGB": {
                                            "x": 0.0,
                                            "y": 0.0,
                                            "z": 0.0
                                        }
                                    },
                                    "Metadata": {
                                        "Is HDR": false
                                    },
                                    "Default Value": {
                                        "sRGB": {
                                            "x": 0.0,
                                            "y": 0.0,
                                            "z": 1.0
                                        }
                                    },
                                    "Default Metadata": {
                                        "Is HDR": false
                                    }
                                }
                            }
                        ]
                    }
                }
            ]
        }
    }
}