{
    "PresetManager": {
        "Presets": {
            "Underlying container": [
                {
                    "first": "5f1798a4-94a0-4e26-855c-01997ddf7812",
                    "second": {
                        "Name": "Default",
                        "Values": [
                            {
                                "index": 0,
                                "data": {
                                    "Name": "Horizontal",
                                    "Value": false,
                                    "Metadata": {},
                                    "Default Value": false,
                                    "Default Metadata": {}
                                }
                            },
                            {
                                "index": 0,
                                "data": {
                                    "Name": "Vertical",
                                    "Value": false,
                                    "Metadata": {},
                                    "Default Value": false,
                                    "Default Metadata": {}
                                }
                            }
                        ]
                    }
                }
            ]
        }
    }
}