{
    "PresetManager": {
        "Presets": {
            "Underlying container": [
                {
                    "first": "af72c4f8-a069-4f1d-af63-2025d6263afa",
                    "second": {
                        "Name": "Default",
                        "Values": [
                            {
                                "index": 4,
                                "data": {
                                    "Name": "a",
                                    "Value": {
                                        "x": 0.5,
                                        "y": 0.5
                                    },
                                    "Metadata": {
                                        "Bounds": {
                                            "Has min bound": false,
                                            "Min": 0.0,
                                            "Has max bound": false,
                                            "Max": 1.0,
                                            "Drag speed": 0.009999999776482582,
                                            "Use slider": false
                                        }
                                    },
                                    "Default Value": {
                                        "x": 0.5,
                                        "y": 0.5
                                    },
                                    "Default Metadata": {
                                        "Bounds": {
                                            "Has min bound": false,
                                            "Min": 0.0,
                                            "Has max bound": false,
                                            "Max": 1.0,
                                            "Drag speed": 0.009999999776482582,
                                            "Use slider": false
                                        }
                                    }
                                }
                            }
                        ]
                    }
                }
            ]
        }
    }
}