{
    "PresetManager": {
        "Presets": {
            "Underlying container": [
                {
                    "first": "74c6f603-5932-4dec-a8af-628a264f227d",
                    "second": {
                        "Name": "Defalut",
                        "Values": [
                            {
                                "index": 2,
                                "data": {
                                    "Name": "Grid Size",
                                    "Value": 10.0,
                                    "Metadata": {
                                        "Bounds": {
                                            "Has min bound": false,
                                            "Min": 0.0,
                                            "Has max bound": false,
                                            "Max": 1.0,
                                            "Drag speed": 0.009999999776482582,
                                            "Use slider": false
                                        }
                                    },
                                    "Default Value": 10.0,
                                    "Default Metadata": {
                                        "Bounds": {
                                            "Has min bound": false,
                                            "Min": 0.0,
                                            "Has max bound": false,
                                            "Max": 1.0,
                                            "Drag speed": 0.009999999776482582,
                                            "Use slider": false
                                        }
                                    }
                                }
                            }
                        ]
                    }
                }
            ]
        }
    }
}