{
    "PresetManager": {
        "Presets": {
            "Underlying container": [
                {
                    "first": "5b156657-f39c-4b78-983e-708a0cef15ba",
                    "second": {
                        "Name": "Default",
                        "Values": [
                            {
                                "index": 2,
                                "data": {
                                    "Name": "zoom",
                                    "Value": 1.0,
                                    "Metadata": {
                                        "Bounds": {
                                            "Has min bound": true,
                                            "Min": 0.0010000000474974514,
                                            "Has max bound": false,
                                            "Max": 10.0,
                                            "Drag speed": 0.009999999776482582,
                                            "Use slider": false
                                        }
                                    },
                                    "Default Value": 0.0,
                                    "Default Metadata": {
                                        "Bounds": {
                                            "Has min bound": false,
                                            "Min": 0.0,
                                            "Has max bound": false,
                                            "Max": 1.0,
                                            "Drag speed": 0.009999999776482582,
                                            "Use slider": false
                                        }
                                    }
                                }
                            },
                            {
                                "index": 3,
                                "data": {
                                    "Name": "Center",
                                    "Value": {
                                        "Point2D": {
                                            "x": 0.0,
                                            "y": 0.0
                                        }
                                    },
                                    "Metadata": {
                                        "Drag speed": 0.000029999999242136256
                                    },
                                    "Default Value": {
                                        "Point2D": {
                                            "x": 0.0,
                                            "y": 0.0
                                        }
                                    },
                                    "Default Metadata": {
                                        "Drag speed": 0.000029999999242136256
                                    }
                                }
                            }
                        ]
                    }
                }
            ]
        }
    }
}