{
    "PresetManager": {
        "Presets": {
            "value0": {
                "value0": [
                    {
                        "first": {
                            "value0": {
                                "value0": "3259d51e-6da6-423a-8812-b4416c7887a4"
                            }
                        },
                        "second": {
                            "Name": "Default",
                            "Values": [
                                {
                                    "index": 5,
                                    "data": {
                                        "Name": "Channels_contribution",
                                        "Value": {
                                            "x": 1.0,
                                            "y": 1.0,
                                            "z": 1.0
                                        },
                                        "Metadata": {
                                            "Drag speed": 0.009999999776482582
                                        },
                                        "Default Value": {
                                            "x": 1.0,
                                            "y": 1.0,
                                            "z": 1.0
                                        },
                                        "Default Metadata": {
                                            "Drag speed": 0.009999999776482582
                                        }
                                    }
                                },
                                {
                                    "index": 2,
                                    "data": {
                                        "Name": "Mask",
                                        "Value": 1.0,
                                        "Metadata": {
                                            "Min Value": 0.0,
                                            "Max Value": 1.0,
                                            "Bounded": true,
                                            "Drag speed": 0.009999999776482582
                                        },
                                        "Default Value": 1.0,
                                        "Default Metadata": {
                                            "Min Value": 0.0,
                                            "Max Value": 1.0,
                                            "Bounded": true,
                                            "Drag speed": 0.009999999776482582
                                        }
                                    }
                                }
                            ]
                        }
                    }
                ]
            }
        }
    }
}