{
    "PresetManager": {
        "Presets": {
            "value0": {
                "value0": [
                    {
                        "first": {
                            "value0": {
                                "value0": "32272820-0f33-4a66-a1d4-8628ea607972"
                            }
                        },
                        "second": {
                            "Name": "Default",
                            "Values": [
                                {
                                    "index": 3,
                                    "data": {
                                        "Name": "Center",
                                        "Value": {
                                            "Point2D": {
                                                "x": 0.0,
                                                "y": 0.0
                                            }
                                        },
                                        "Metadata": {},
                                        "Default Value": {
                                            "Point2D": {
                                                "x": 0.0,
                                                "y": 0.0
                                            }
                                        },
                                        "Default Metadata": {}
                                    }
                                },
                                {
                                    "index": 2,
                                    "data": {
                                        "Name": "Scale",
                                        "Value": 3.5,
                                        "Metadata": {
                                            "Min Value": 0.25,
                                            "Max Value": 4.5,
                                            "Bounded": true,
                                            "Drag speed": 0.009999999776482582
                                        },
                                        "Default Value": 3.5,
                                        "Default Metadata": {
                                            "Min Value": 0.0,
                                            "Max Value": 1.0,
                                            "Bounded": true,
                                            "Drag speed": 0.009999999776482582
                                        }
                                    }
                                },
                                {
                                    "index": 2,
                                    "data": {
                                        "Name": "Frequency",
                                        "Value": 0.5,
                                        "Metadata": {
                                            "Min Value": 0.009999999776482582,
                                            "Max Value": 1.0,
                                            "Bounded": true,
                                            "Drag speed": 0.009999999776482582
                                        },
                                        "Default Value": 0.5,
                                        "Default Metadata": {
                                            "Min Value": 0.0,
                                            "Max Value": 1.0,
                                            "Bounded": true,
                                            "Drag speed": 0.009999999776482582
                                        }
                                    }
                                },
                                {
                                    "index": 2,
                                    "data": {
                                        "Name": "Wave_compression",
                                        "Value": 0.20000000298023225,
                                        "Metadata": {
                                            "Min Value": 0.0,
                                            "Max Value": 1.0,
                                            "Bounded": false,
                                            "Drag speed": 0.009999999776482582
                                        },
                                        "Default Value": 0.20000000298023225,
                                        "Default Metadata": {
                                            "Min Value": 0.0,
                                            "Max Value": 1.0,
                                            "Bounded": true,
                                            "Drag speed": 0.009999999776482582
                                        }
                                    }
                                },
                                {
                                    "index": 1,
                                    "data": {
                                        "Name": "Subdivison",
                                        "Value": 20,
                                        "Metadata": {
                                            "Min Value": 0,
                                            "Max Value": 100
                                        },
                                        "Default Value": 20,
                                        "Default Metadata": {
                                            "Min Value": 0,
                                            "Max Value": 10
                                        }
                                    }
                                },
                                {
                                    "index": 2,
                                    "data": {
                                        "Name": "Mask",
                                        "Value": 1.0,
                                        "Metadata": {
                                            "Min Value": 0.0,
                                            "Max Value": 1.0,
                                            "Bounded": true,
                                            "Drag speed": 0.009999999776482582
                                        },
                                        "Default Value": 1.0,
                                        "Default Metadata": {
                                            "Min Value": 0.0,
                                            "Max Value": 1.0,
                                            "Bounded": true,
                                            "Drag speed": 0.009999999776482582
                                        }
                                    }
                                }
                            ]
                        }
                    }
                ]
            }
        }
    }
}