{
    "PresetManager": {
        "Presets": {
            "value0": {
                "value0": [
                    {
                        "first": {
                            "value0": {
                                "value0": "f38b0fa4-f971-4f27-aa63-f9d000a3eab5"
                            }
                        },
                        "second": {
                            "Name": "Default",
                            "Values": [
                                {
                                    "index": 2,
                                    "data": {
                                        "Name": "Drops_size",
                                        "Value": 0.15000000596046449,
                                        "Metadata": {
                                            "Min Value": 0.0010000000474974514,
                                            "Max Value": 0.699999988079071,
                                            "Bounded": true,
                                            "Drag speed": 0.009999999776482582
                                        },
                                        "Default Value": 0.15000000596046449,
                                        "Default Metadata": {
                                            "Min Value": 0.0,
                                            "Max Value": 1.0,
                                            "Bounded": true,
                                            "Drag speed": 0.009999999776482582
                                        }
                                    }
                                },
                                {
                                    "index": 2,
                                    "data": {
                                        "Name": "Distortion_intensity",
                                        "Value": 0.5,
                                        "Metadata": {
                                            "Min Value": 0.0,
                                            "Max Value": 2.0,
                                            "Bounded": true,
                                            "Drag speed": 0.009999999776482582
                                        },
                                        "Default Value": 0.5,
                                        "Default Metadata": {
                                            "Min Value": 0.0,
                                            "Max Value": 1.0,
                                            "Bounded": true,
                                            "Drag speed": 0.009999999776482582
                                        }
                                    }
                                },
                                {
                                    "index": 2,
                                    "data": {
                                        "Name": "Scale",
                                        "Value": 1.5,
                                        "Metadata": {
                                            "Min Value": 0.0010000000474974514,
                                            "Max Value": 2.0,
                                            "Bounded": true,
                                            "Drag speed": 0.009999999776482582
                                        },
                                        "Default Value": 1.5,
                                        "Default Metadata": {
                                            "Min Value": 0.0,
                                            "Max Value": 1.0,
                                            "Bounded": true,
                                            "Drag speed": 0.009999999776482582
                                        }
                                    }
                                },
                                {
                                    "index": 2,
                                    "data": {
                                        "Name": "Time",
                                        "Value": 0.0,
                                        "Metadata": {
                                            "Min Value": 0.0,
                                            "Max Value": 1.0,
                                            "Bounded": false,
                                            "Drag speed": 0.009999999776482582
                                        },
                                        "Default Value": 0.0,
                                        "Default Metadata": {
                                            "Min Value": 0.0,
                                            "Max Value": 1.0,
                                            "Bounded": true,
                                            "Drag speed": 0.009999999776482582
                                        }
                                    }
                                },
                                {
                                    "index": 3,
                                    "data": {
                                        "Name": "Center",
                                        "Value": {
                                            "Point2D": {
                                                "x": 0.0,
                                                "y": 0.0
                                            }
                                        },
                                        "Metadata": {},
                                        "Default Value": {
                                            "Point2D": {
                                                "x": 0.0,
                                                "y": 0.0
                                            }
                                        },
                                        "Default Metadata": {}
                                    }
                                },
                                {
                                    "index": 1,
                                    "data": {
                                        "Name": "N",
                                        "Value": 4,
                                        "Metadata": {
                                            "Min Value": 0,
                                            "Max Value": 10
                                        },
                                        "Default Value": 4,
                                        "Default Metadata": {
                                            "Min Value": 0,
                                            "Max Value": 10
                                        }
                                    }
                                },
                                {
                                    "index": 2,
                                    "data": {
                                        "Name": "Mask",
                                        "Value": 1.0,
                                        "Metadata": {
                                            "Min Value": 0.0,
                                            "Max Value": 1.0,
                                            "Bounded": true,
                                            "Drag speed": 0.009999999776482582
                                        },
                                        "Default Value": 1.0,
                                        "Default Metadata": {
                                            "Min Value": 0.0,
                                            "Max Value": 1.0,
                                            "Bounded": true,
                                            "Drag speed": 0.009999999776482582
                                        }
                                    }
                                }
                            ]
                        }
                    }
                ]
            }
        }
    }
}