{
    "PresetManager": {
        "Presets": {
            "value0": {
                "value0": [
                    {
                        "first": {
                            "value0": {
                                "value0": "347328ed-3436-4028-acc7-210e82c237f9"
                            }
                        },
                        "second": {
                            "Name": "Default",
                            "Values": [
                                {
                                    "index": 10,
                                    "data": {
                                        "Name": "Direction",
                                        "Value": {
                                            "Angle": {
                                                "Radians": {
                                                    "Radians": -2.3239476680755617
                                                }
                                            }
                                        },
                                        "Metadata": {},
                                        "Default Value": {
                                            "Angle": {
                                                "Radians": {
                                                    "Radians": -2.3239476680755617
                                                }
                                            }
                                        },
                                        "Default Metadata": {}
                                    }
                                },
                                {
                                    "index": 3,
                                    "data": {
                                        "Name": "Center",
                                        "Value": {
                                            "Point2D": {
                                                "x": 0.0,
                                                "y": 0.0
                                            }
                                        },
                                        "Metadata": {},
                                        "Default Value": {
                                            "Point2D": {
                                                "x": 0.0,
                                                "y": 0.0
                                            }
                                        },
                                        "Default Metadata": {}
                                    }
                                },
                                {
                                    "index": 2,
                                    "data": {
                                        "Name": "Scale",
                                        "Value": 1.0,
                                        "Metadata": {
                                            "Min Value": 0.0010000000474974514,
                                            "Max Value": 5.0,
                                            "Bounded": true,
                                            "Drag speed": 0.009999999776482582
                                        },
                                        "Default Value": 1.0,
                                        "Default Metadata": {
                                            "Min Value": 0.0,
                                            "Max Value": 1.0,
                                            "Bounded": true,
                                            "Drag speed": 0.009999999776482582
                                        }
                                    }
                                },
                                {
                                    "index": 2,
                                    "data": {
                                        "Name": "Brightness",
                                        "Value": 0.0,
                                        "Metadata": {
                                            "Min Value": -1.0,
                                            "Max Value": 1.0,
                                            "Bounded": true,
                                            "Drag speed": 0.009999999776482582
                                        },
                                        "Default Value": 0.0,
                                        "Default Metadata": {
                                            "Min Value": -1.0,
                                            "Max Value": 1.0,
                                            "Bounded": true,
                                            "Drag speed": 0.009999999776482582
                                        }
                                    }
                                },
                                {
                                    "index": 1,
                                    "data": {
                                        "Name": "Number_of_circles",
                                        "Value": 95,
                                        "Metadata": {
                                            "Min Value": 0,
                                            "Max Value": 200
                                        },
                                        "Default Value": 95,
                                        "Default Metadata": {
                                            "Min Value": 0,
                                            "Max Value": 10
                                        }
                                    }
                                },
                                {
                                    "index": 1,
                                    "data": {
                                        "Name": "Seed",
                                        "Value": 20,
                                        "Metadata": {
                                            "Min Value": 0,
                                            "Max Value": 30
                                        },
                                        "Default Value": 20,
                                        "Default Metadata": {
                                            "Min Value": 0,
                                            "Max Value": 10
                                        }
                                    }
                                },
                                {
                                    "index": 2,
                                    "data": {
                                        "Name": "Mask",
                                        "Value": 1.0,
                                        "Metadata": {
                                            "Min Value": 0.0,
                                            "Max Value": 1.0,
                                            "Bounded": true,
                                            "Drag speed": 0.009999999776482582
                                        },
                                        "Default Value": 1.0,
                                        "Default Metadata": {
                                            "Min Value": 0.0,
                                            "Max Value": 1.0,
                                            "Bounded": true,
                                            "Drag speed": 0.009999999776482582
                                        }
                                    }
                                }
                            ]
                        }
                    }
                ]
            }
        }
    }
}