{
    "PresetManager": {
        "Presets": {
            "value0": {
                "value0": [
                    {
                        "first": {
                            "value0": {
                                "value0": "13e0fd79-13dd-4541-937f-b777cf08ee59"
                            }
                        },
                        "second": {
                            "Name": "Default",
                            "Values": [
                                {
                                    "index": 2,
                                    "data": {
                                        "Name": "Scale",
                                        "Value": 250.0,
                                        "Metadata": {
                                            "Min Value": 2.0,
                                            "Max Value": 400.0,
                                            "Bounded": true,
                                            "Drag speed": 0.009999999776482582
                                        },
                                        "Default Value": 0.0,
                                        "Default Metadata": {
                                            "Min Value": 0.0,
                                            "Max Value": 1.0,
                                            "Bounded": true,
                                            "Drag speed": 0.009999999776482582
                                        }
                                    }
                                },
                                {
                                    "index": 12,
                                    "data": {
                                        "Name": "Palette",
                                        "Value": {
                                            "Color Palette": [
                                                {
                                                    "RGB": {
                                                        "x": 0.0,
                                                        "y": 0.6274510025978088,
                                                        "z": 0.6901960968971252
                                                    }
                                                },
                                                {
                                                    "RGB": {
                                                        "x": 0.4156862795352936,
                                                        "y": 0.29019609093666079,
                                                        "z": 0.23137255012989045
                                                    }
                                                },
                                                {
                                                    "RGB": {
                                                        "x": 0.800000011920929,
                                                        "y": 0.20000000298023225,
                                                        "z": 0.24705882370471955
                                                    }
                                                },
                                                {
                                                    "RGB": {
                                                        "x": 0.9215686321258545,
                                                        "y": 0.40784314274787905,
                                                        "z": 0.250980406999588
                                                    }
                                                },
                                                {
                                                    "RGB": {
                                                        "x": 0.9254902005195618,
                                                        "y": 0.7882353067398071,
                                                        "z": 0.3137255012989044
                                                    }
                                                }
                                            ]
                                        },
                                        "Metadata": {
                                            "Is HDR": true
                                        },
                                        "Default Value": {
                                            "Color Palette": []
                                        },
                                        "Default Metadata": {
                                            "Is HDR": true
                                        }
                                    }
                                },
                                {
                                    "index": 2,
                                    "data": {
                                        "Name": "Mask",
                                        "Value": 1.0,
                                        "Metadata": {
                                            "Min Value": 0.0,
                                            "Max Value": 1.0,
                                            "Bounded": true,
                                            "Drag speed": 0.009999999776482582
                                        },
                                        "Default Value": 1.0,
                                        "Default Metadata": {
                                            "Min Value": 0.0,
                                            "Max Value": 1.0,
                                            "Bounded": true,
                                            "Drag speed": 0.009999999776482582
                                        }
                                    }
                                }
                            ]
                        }
                    }
                ]
            }
        }
    }
}