{
    "PresetManager": {
        "Presets": {
            "value0": {
                "value0": [
                    {
                        "first": {
                            "value0": {
                                "value0": "85a61aba-342a-4165-b451-522ba6c5ada4"
                            }
                        },
                        "second": {
                            "Name": "Default",
                            "Values": [
                                {
                                    "index": 1,
                                    "data": {
                                        "Name": "Scale",
                                        "Value": 20,
                                        "Metadata": {
                                            "Min Value": 1,
                                            "Max Value": 50
                                        },
                                        "Default Value": 20,
                                        "Default Metadata": {
                                            "Min Value": 0,
                                            "Max Value": 10
                                        }
                                    }
                                },
                                {
                                    "index": 2,
                                    "data": {
                                        "Name": "Border_thickness",
                                        "Value": 0.5299999713897705,
                                        "Metadata": {
                                            "Min Value": 0.46000000834465029,
                                            "Max Value": 0.699999988079071,
                                            "Bounded": true,
                                            "Drag speed": 0.009999999776482582
                                        },
                                        "Default Value": 0.5299999713897705,
                                        "Default Metadata": {
                                            "Min Value": 0.0,
                                            "Max Value": 1.0,
                                            "Bounded": true,
                                            "Drag speed": 0.009999999776482582
                                        }
                                    }
                                },
                                {
                                    "index": 2,
                                    "data": {
                                        "Name": "Border_roundness",
                                        "Value": 0.22499999403953553,
                                        "Metadata": {
                                            "Min Value": 0.009999999776482582,
                                            "Max Value": 1.5,
                                            "Bounded": true,
                                            "Drag speed": 0.009999999776482582
                                        },
                                        "Default Value": 0.22499999403953553,
                                        "Default Metadata": {
                                            "Min Value": 0.0,
                                            "Max Value": 1.0,
                                            "Bounded": true,
                                            "Drag speed": 0.009999999776482582
                                        }
                                    }
                                },
                                {
                                    "index": 7,
                                    "data": {
                                        "Name": "Border_color",
                                        "Value": {
                                            "RGB": {
                                                "x": 0.0,
                                                "y": 0.0,
                                                "z": 0.0
                                            }
                                        },
                                        "Metadata": {
                                            "Is HDR": false
                                        },
                                        "Default Value": {
                                            "RGB": {
                                                "x": 0.0,
                                                "y": 0.0,
                                                "z": 0.0
                                            }
                                        },
                                        "Default Metadata": {
                                            "Is HDR": false
                                        }
                                    }
                                },
                                {
                                    "index": 2,
                                    "data": {
                                        "Name": "Mask",
                                        "Value": 1.0,
                                        "Metadata": {
                                            "Min Value": 0.0,
                                            "Max Value": 1.0,
                                            "Bounded": true,
                                            "Drag speed": 0.009999999776482582
                                        },
                                        "Default Value": 1.0,
                                        "Default Metadata": {
                                            "Min Value": 0.0,
                                            "Max Value": 1.0,
                                            "Bounded": true,
                                            "Drag speed": 0.009999999776482582
                                        }
                                    }
                                }
                            ]
                        }
                    }
                ]
            }
        }
    }
}