{
    "PresetManager": {
        "Presets": {
            "value0": {
                "value0": [
                    {
                        "first": {
                            "value0": {
                                "value0": "8c88a04b-b4fe-4436-aa9f-d16bdec12d87"
                            }
                        },
                        "second": {
                            "Name": "Default",
                            "Values": [
                                {
                                    "index": 2,
                                    "data": {
                                        "Name": "Strength",
                                        "Value": 0.2619999945163727,
                                        "Metadata": {
                                            "Min Value": 0.0,
                                            "Max Value": 5.0,
                                            "Bounded": true,
                                            "Drag speed": 0.009999999776482582
                                        },
                                        "Default Value": 0.2619999945163727,
                                        "Default Metadata": {
                                            "Min Value": 0.0,
                                            "Max Value": 1.0,
                                            "Bounded": true,
                                            "Drag speed": 0.009999999776482582
                                        }
                                    }
                                },
                                {
                                    "index": 2,
                                    "data": {
                                        "Name": "Radius",
                                        "Value": 21.0,
                                        "Metadata": {
                                            "Min Value": 5.0,
                                            "Max Value": 35.0,
                                            "Bounded": true,
                                            "Drag speed": 0.009999999776482582
                                        },
                                        "Default Value": 21.0,
                                        "Default Metadata": {
                                            "Min Value": 0.0,
                                            "Max Value": 1.0,
                                            "Bounded": true,
                                            "Drag speed": 0.009999999776482582
                                        }
                                    }
                                },
                                {
                                    "index": 7,
                                    "data": {
                                        "Name": "Color",
                                        "Value": {
                                            "RGB": {
                                                "x": 0.0,
                                                "y": 0.0,
                                                "z": 0.0
                                            }
                                        },
                                        "Metadata": {
                                            "Is HDR": false
                                        },
                                        "Default Value": {
                                            "RGB": {
                                                "x": 0.0,
                                                "y": 0.0,
                                                "z": 0.0
                                            }
                                        },
                                        "Default Metadata": {
                                            "Is HDR": false
                                        }
                                    }
                                },
                                {
                                    "index": 2,
                                    "data": {
                                        "Name": "Mask",
                                        "Value": 1.0,
                                        "Metadata": {
                                            "Min Value": 0.0,
                                            "Max Value": 1.0,
                                            "Bounded": true,
                                            "Drag speed": 0.009999999776482582
                                        },
                                        "Default Value": 1.0,
                                        "Default Metadata": {
                                            "Min Value": 0.0,
                                            "Max Value": 1.0,
                                            "Bounded": true,
                                            "Drag speed": 0.009999999776482582
                                        }
                                    }
                                }
                            ]
                        }
                    }
                ]
            }
        }
    }
}