{
    "PresetManager": {
        "Presets": {
            "Underlying container": [
                {
                    "first": "a0114a6a-b135-4dd2-9fed-da5d0dfedc1d",
                    "second": {
                        "Name": "Default",
                        "Values": [
                            {
                                "index": 5,
                                "data": {
                                    "Name": "Elongation",
                                    "Value": {
                                        "x": 1.0,
                                        "y": 0.0,
                                        "z": 0.0
                                    },
                                    "Metadata": {
                                        "Bounds": {
                                            "Has min bound": true,
                                            "Min": 0.0,
                                            "Has max bound": false,
                                            "Max": 1.0,
                                            "Drag speed": 0.009999999776482582,
                                            "Use slider": false
                                        }
                                    },
                                    "Default Value": {
                                        "x": 1.0,
                                        "y": 0.0,
                                        "z": 0.0
                                    },
                                    "Default Metadata": {
                                        "Bounds": {
                                            "Has min bound": false,
                                            "Min": 0.0,
                                            "Has max bound": false,
                                            "Max": 1.0,
                                            "Drag speed": 0.009999999776482582,
                                            "Use slider": false
                                        }
                                    }
                                }
                            }
                        ]
                    }
                }
            ]
        }
    }
}