{
    "PresetManager": {
        "Presets": {
            "Underlying container": [
                {
                    "first": "76b962c3-4308-4cdb-ba7b-293456d00fc5",
                    "second": {
                        "Name": "Default",
                        "Values": [
                            {
                                "index": 11,
                                "data": {
                                    "Name": "Rotation X",
                                    "Value": {
                                        "Radians": {
                                            "Radians": 0.5235987901687622
                                        }
                                    },
                                    "Metadata": {
                                        "Number of snaps": 24,
                                        "Snaps offset (in radians)": 0.0,
                                        "Always snap": false
                                    },
                                    "Default Value": {
                                        "Radians": {
                                            "Radians": 0.5235987901687622
                                        }
                                    },
                                    "Default Metadata": {
                                        "Number of snaps": 24,
                                        "Snaps offset (in radians)": 0.0,
                                        "Always snap": false
                                    }
                                }
                            },
                            {
                                "index": 11,
                                "data": {
                                    "Name": "Rotation Y",
                                    "Value": {
                                        "Radians": {
                                            "Radians": 0.0
                                        }
                                    },
                                    "Metadata": {
                                        "Number of snaps": 24,
                                        "Snaps offset (in radians)": 0.0,
                                        "Always snap": false
                                    },
                                    "Default Value": {
                                        "Radians": {
                                            "Radians": 0.0
                                        }
                                    },
                                    "Default Metadata": {
                                        "Number of snaps": 24,
                                        "Snaps offset (in radians)": 0.0,
                                        "Always snap": false
                                    }
                                }
                            },
                            {
                                "index": 11,
                                "data": {
                                    "Name": "Rotation Z",
                                    "Value": {
                                        "Radians": {
                                            "Radians": 0.0
                                        }
                                    },
                                    "Metadata": {
                                        "Number of snaps": 24,
                                        "Snaps offset (in radians)": 0.0,
                                        "Always snap": false
                                    },
                                    "Default Value": {
                                        "Radians": {
                                            "Radians": 0.0
                                        }
                                    },
                                    "Default Metadata": {
                                        "Number of snaps": 24,
                                        "Snaps offset (in radians)": 0.0,
                                        "Always snap": false
                                    }
                                }
                            }
                        ]
                    }
                }
            ]
        }
    }
}