{
    "PresetManager": {
        "Presets": {
            "Underlying container": [
                {
                    "first": "1987d51e-9801-41d4-8162-e0ce663aeca1",
                    "second": {
                        "Name": "Default",
                        "Values": [
                            {
                                "index": 0,
                                "data": {
                                    "Name": "Flip",
                                    "Value": false,
                                    "Metadata": {},
                                    "Default Value": false,
                                    "Default Metadata": {}
                                }
                            },
                            {
                                "index": 2,
                                "data": {
                                    "Name": "Fix Artifacts",
                                    "Value": 0.0,
                                    "Metadata": {
                                        "Bounds": {
                                            "Has min bound": true,
                                            "Min": 0.0,
                                            "Has max bound": true,
                                            "Max": 0.9990000128746033,
                                            "Drag speed": 0.009999999776482582,
                                            "Use slider": true
                                        }
                                    },
                                    "Default Value": 0.0,
                                    "Default Metadata": {
                                        "Bounds": {
                                            "Has min bound": true,
                                            "Min": 0.0,
                                            "Has max bound": true,
                                            "Max": 0.9990000128746033,
                                            "Drag speed": 0.009999999776482582,
                                            "Use slider": true
                                        }
                                    }
                                }
                            }
                        ]
                    }
                }
            ]
        }
    }
}