{
    "PresetManager": {
        "Presets": {
            "Underlying container": [
                {
                    "first": "f95096e8-7022-412b-bafd-c77cde00930f",
                    "second": {
                        "Name": "Default",
                        "Values": [
                            {
                                "index": 2,
                                "data": {
                                    "Name": "Intensity",
                                    "Value": 0.12600000202655793,
                                    "Metadata": {
                                        "Bounds": {
                                            "Has min bound": true,
                                            "Min": 0.0,
                                            "Has max bound": false,
                                            "Max": 1.0,
                                            "Drag speed": 0.003000000026077032,
                                            "Use slider": false
                                        }
                                    },
                                    "Default Value": 0.12600000202655793,
                                    "Default Metadata": {
                                        "Bounds": {
                                            "Has min bound": false,
                                            "Min": 0.0,
                                            "Has max bound": false,
                                            "Max": 1.0,
                                            "Drag speed": 0.009999999776482582,
                                            "Use slider": false
                                        }
                                    }
                                }
                            }
                        ]
                    }
                }
            ]
        }
    }
}