{
    "PresetManager": {
        "Presets": {
            "Underlying container": [
                {
                    "first": "96fd458d-b27b-4ab1-ac16-02109a6870f7",
                    "second": {
                        "Name": "Default",
                        "Values": [
                            {
                                "index": 3,
                                "data": {
                                    "Name": "Center",
                                    "Value": {
                                        "Point2D": {
                                            "x": -0.035999998450279239,
                                            "y": 0.0
                                        }
                                    },
                                    "Metadata": {
                                        "Drag speed": 0.00009999999747378752
                                    },
                                    "Default Value": {
                                        "Point2D": {
                                            "x": -0.035999998450279239,
                                            "y": 0.0
                                        }
                                    },
                                    "Default Metadata": {
                                        "Drag speed": 0.00009999999747378752
                                    }
                                }
                            },
                            {
                                "index": 2,
                                "data": {
                                    "Name": "Scale",
                                    "Value": 0.6700000166893005,
                                    "Metadata": {
                                        "Bounds": {
                                            "Has min bound": false,
                                            "Min": 0.0,
                                            "Has max bound": false,
                                            "Max": 1.0,
                                            "Drag speed": 0.009999999776482582,
                                            "Use slider": false
                                        }
                                    },
                                    "Default Value": 0.6700000166893005,
                                    "Default Metadata": {
                                        "Bounds": {
                                            "Has min bound": false,
                                            "Min": 0.0,
                                            "Has max bound": false,
                                            "Max": 1.0,
                                            "Drag speed": 0.009999999776482582,
                                            "Use slider": false
                                        }
                                    }
                                }
                            },
                            {
                                "index": 12,
                                "data": {
                                    "Name": "Direction",
                                    "Value": {
                                        "Angle": {
                                            "Radians": {
                                                "Radians": 2.7052602767944338
                                            }
                                        }
                                    },
                                    "Metadata": {
                                        "Number of snaps": 24,
                                        "Snaps offset (in radians)": 0.0,
                                        "Always snap": false
                                    },
                                    "Default Value": {
                                        "Angle": {
                                            "Radians": {
                                                "Radians": 2.7052602767944338
                                            }
                                        }
                                    },
                                    "Default Metadata": {
                                        "Number of snaps": 24,
                                        "Snaps offset (in radians)": 0.0,
                                        "Always snap": false
                                    }
                                }
                            },
                            {
                                "index": 2,
                                "data": {
                                    "Name": "Brightness",
                                    "Value": 2.0399999618530275,
                                    "Metadata": {
                                        "Bounds": {
                                            "Has min bound": false,
                                            "Min": 0.0,
                                            "Has max bound": false,
                                            "Max": 1.0,
                                            "Drag speed": 0.009999999776482582,
                                            "Use slider": false
                                        }
                                    },
                                    "Default Value": 2.0399999618530275,
                                    "Default Metadata": {
                                        "Bounds": {
                                            "Has min bound": false,
                                            "Min": 0.0,
                                            "Has max bound": false,
                                            "Max": 1.0,
                                            "Drag speed": 0.009999999776482582,
                                            "Use slider": false
                                        }
                                    }
                                }
                            },
                            {
                                "index": 1,
                                "data": {
                                    "Name": "Number of circles",
                                    "Value": 5,
                                    "Metadata": {
                                        "Bounds": {
                                            "Has min bound": false,
                                            "Min": 0,
                                            "Has max bound": false,
                                            "Max": 12,
                                            "Drag speed": 0.03999999910593033,
                                            "Use slider": false
                                        }
                                    },
                                    "Default Value": 5,
                                    "Default Metadata": {
                                        "Bounds": {
                                            "Has min bound": false,
                                            "Min": 0,
                                            "Has max bound": false,
                                            "Max": 12,
                                            "Drag speed": 0.03999999910593033,
                                            "Use slider": false
                                        }
                                    }
                                }
                            },
                            {
                                "index": 1,
                                "data": {
                                    "Name": "Seed",
                                    "Value": 8,
                                    "Metadata": {
                                        "Bounds": {
                                            "Has min bound": false,
                                            "Min": 0,
                                            "Has max bound": false,
                                            "Max": 12,
                                            "Drag speed": 0.03999999910593033,
                                            "Use slider": false
                                        }
                                    },
                                    "Default Value": 8,
                                    "Default Metadata": {
                                        "Bounds": {
                                            "Has min bound": false,
                                            "Min": 0,
                                            "Has max bound": false,
                                            "Max": 12,
                                            "Drag speed": 0.03999999910593033,
                                            "Use slider": false
                                        }
                                    }
                                }
                            }
                        ]
                    }
                }
            ]
        }
    }
}