{
    "PresetManager": {
        "Presets": {
            "Underlying container": [
                {
                    "first": "f6a4d1af-2982-4052-8098-cf31243bc40e",
                    "second": {
                        "Name": "Red and Cyan",
                        "Values": [
                            {
                                "index": 7,
                                "data": {
                                    "Name": "Color 1",
                                    "Value": {
                                        "sRGB": {
                                            "x": 1.0,
                                            "y": 0.0,
                                            "z": 0.0
                                        }
                                    },
                                    "Metadata": {
                                        "Is HDR": false
                                    },
                                    "Default Value": {
                                        "sRGB": {
                                            "x": 1.0,
                                            "y": 0.0,
                                            "z": 0.0
                                        }
                                    },
                                    "Default Metadata": {
                                        "Is HDR": false
                                    }
                                }
                            },
                            {
                                "index": 7,
                                "data": {
                                    "Name": "Color 2",
                                    "Value": {
                                        "sRGB": {
                                            "x": 0.0,
                                            "y": 1.0,
                                            "z": 1.0
                                        }
                                    },
                                    "Metadata": {
                                        "Is HDR": false
                                    },
                                    "Default Value": {
                                        "sRGB": {
                                            "x": 0.0,
                                            "y": 1.0,
                                            "z": 1.0
                                        }
                                    },
                                    "Default Metadata": {
                                        "Is HDR": false
                                    }
                                }
                            },
                            {
                                "index": 2,
                                "data": {
                                    "Name": "Mask",
                                    "Value": 0.5,
                                    "Metadata": {
                                        "Bounds": {
                                            "Has min bound": false,
                                            "Min": 0.0,
                                            "Has max bound": false,
                                            "Max": 1.0,
                                            "Drag speed": 0.009999999776482582,
                                            "Use slider": false
                                        }
                                    },
                                    "Default Value": 0.5,
                                    "Default Metadata": {
                                        "Bounds": {
                                            "Has min bound": false,
                                            "Min": 0.0,
                                            "Has max bound": false,
                                            "Max": 1.0,
                                            "Drag speed": 0.009999999776482582,
                                            "Use slider": false
                                        }
                                    }
                                }
                            }
                        ]
                    }
                },
                {
                    "first": "f5bf2802-1609-40d0-9478-01de5ac5d5d0",
                    "second": {
                        "Name": "Default",
                        "Values": [
                            {
                                "index": 7,
                                "data": {
                                    "Name": "Color 1",
                                    "Value": {
                                        "sRGB": {
                                            "x": 0.00009999999747378752,
                                            "y": 0.00009998999303206801,
                                            "z": 0.00009998999303206801
                                        }
                                    },
                                    "Metadata": {
                                        "Is HDR": false
                                    },
                                    "Default Value": {
                                        "sRGB": {
                                            "x": 0.00009999999747378752,
                                            "y": 0.00009998999303206801,
                                            "z": 0.00009998999303206801
                                        }
                                    },
                                    "Default Metadata": {
                                        "Is HDR": false
                                    }
                                }
                            },
                            {
                                "index": 7,
                                "data": {
                                    "Name": "Color 2",
                                    "Value": {
                                        "sRGB": {
                                            "x": 0.9998999834060669,
                                            "y": 1.0,
                                            "z": 1.0
                                        }
                                    },
                                    "Metadata": {
                                        "Is HDR": false
                                    },
                                    "Default Value": {
                                        "sRGB": {
                                            "x": 0.9998999834060669,
                                            "y": 1.0,
                                            "z": 1.0
                                        }
                                    },
                                    "Default Metadata": {
                                        "Is HDR": false
                                    }
                                }
                            },
                            {
                                "index": 2,
                                "data": {
                                    "Name": "Mask",
                                    "Value": 0.5,
                                    "Metadata": {
                                        "Bounds": {
                                            "Has min bound": false,
                                            "Min": 0.0,
                                            "Has max bound": false,
                                            "Max": 1.0,
                                            "Drag speed": 0.009999999776482582,
                                            "Use slider": false
                                        }
                                    },
                                    "Default Value": 0.5,
                                    "Default Metadata": {
                                        "Bounds": {
                                            "Has min bound": false,
                                            "Min": 0.0,
                                            "Has max bound": false,
                                            "Max": 1.0,
                                            "Drag speed": 0.009999999776482582,
                                            "Use slider": false
                                        }
                                    }
                                }
                            }
                        ]
                    }
                }
            ]
        }
    }
}