{
    "PresetManager": {
        "Presets": {
            "Underlying container": [
                {
                    "first": "ed4facfc-1b7c-42ca-9e1f-18af8d3708a1",
                    "second": {
                        "Name": "Default",
                        "Values": [
                            {
                                "index": 2,
                                "data": {
                                    "Name": "Smoothing",
                                    "Value": 0.17900000512599946,
                                    "Metadata": {
                                        "Bounds": {
                                            "Has min bound": true,
                                            "Min": 9.999999974752428e-7,
                                            "Has max bound": false,
                                            "Max": 1.0,
                                            "Drag speed": 0.0003009999927598983,
                                            "Use slider": false
                                        }
                                    },
                                    "Default Value": 9.999999974752428e-7,
                                    "Default Metadata": {
                                        "Bounds": {
                                            "Has min bound": false,
                                            "Min": 0.0,
                                            "Has max bound": false,
                                            "Max": 1.0,
                                            "Drag speed": 0.009999999776482582,
                                            "Use slider": false
                                        }
                                    }
                                }
                            }
                        ]
                    }
                }
            ]
        }
    }
}