{
    "PresetManager": {
        "Presets": {
            "Underlying container": [
                {
                    "first": "947c17fa-c3b3-4a51-b19f-af311b8a722d",
                    "second": {
                        "Name": "Default",
                        "Values": [
                            {
                                "index": 2,
                                "data": {
                                    "Name": "Orientation",
                                    "Value": 0.5720000267028809,
                                    "Metadata": {
                                        "Bounds": {
                                            "Has min bound": true,
                                            "Min": 0.0,
                                            "Has max bound": true,
                                            "Max": 1.0,
                                            "Drag speed": 0.006599999964237213,
                                            "Use slider": true
                                        }
                                    },
                                    "Default Value": 0.5720000267028809,
                                    "Default Metadata": {
                                        "Bounds": {
                                            "Has min bound": false,
                                            "Min": 0.0,
                                            "Has max bound": false,
                                            "Max": 1.0,
                                            "Drag speed": 0.009999999776482582,
                                            "Use slider": false
                                        }
                                    }
                                }
                            },
                            {
                                "index": 2,
                                "data": {
                                    "Name": "Thickness",
                                    "Value": 0.01899999938905239,
                                    "Metadata": {
                                        "Bounds": {
                                            "Has min bound": true,
                                            "Min": 0.0,
                                            "Has max bound": false,
                                            "Max": 0.20000000298023225,
                                            "Drag speed": 0.00009999999747378752,
                                            "Use slider": false
                                        }
                                    },
                                    "Default Value": 0.01899999938905239,
                                    "Default Metadata": {
                                        "Bounds": {
                                            "Has min bound": false,
                                            "Min": 0.0,
                                            "Has max bound": false,
                                            "Max": 1.0,
                                            "Drag speed": 0.009999999776482582,
                                            "Use slider": false
                                        }
                                    }
                                }
                            },
                            {
                                "index": 2,
                                "data": {
                                    "Name": "Grid Size",
                                    "Value": 3.490000009536743,
                                    "Metadata": {
                                        "Bounds": {
                                            "Has min bound": true,
                                            "Min": 0.0,
                                            "Has max bound": false,
                                            "Max": 1.0,
                                            "Drag speed": 0.009999999776482582,
                                            "Use slider": false
                                        }
                                    },
                                    "Default Value": 3.490000009536743,
                                    "Default Metadata": {
                                        "Bounds": {
                                            "Has min bound": false,
                                            "Min": 0.0,
                                            "Has max bound": false,
                                            "Max": 1.0,
                                            "Drag speed": 0.009999999776482582,
                                            "Use slider": false
                                        }
                                    }
                                }
                            },
                            {
                                "index": 0,
                                "data": {
                                    "Name": "Flip every other tile",
                                    "Value": true,
                                    "Metadata": {},
                                    "Default Value": true,
                                    "Default Metadata": {}
                                }
                            }
                        ]
                    }
                }
            ]
        }
    }
}