{
    "PresetManager": {
        "Presets": {
            "Underlying container": [
                {
                    "first": "b87d161b-41e5-4b91-a8bb-5699b866e752",
                    "second": {
                        "Name": "Default",
                        "Values": [
                            {
                                "index": 2,
                                "data": {
                                    "Name": "Depth",
                                    "Value": 0.11100000143051148,
                                    "Metadata": {
                                        "Bounds": {
                                            "Has min bound": true,
                                            "Min": 0.0,
                                            "Has max bound": false,
                                            "Max": 1.0,
                                            "Drag speed": 0.0031999999191612007,
                                            "Use slider": false
                                        }
                                    },
                                    "Default Value": 0.11100000143051148,
                                    "Default Metadata": {
                                        "Bounds": {
                                            "Has min bound": false,
                                            "Min": 0.0,
                                            "Has max bound": false,
                                            "Max": 1.0,
                                            "Drag speed": 0.009999999776482582,
                                            "Use slider": false
                                        }
                                    }
                                }
                            }
                        ]
                    }
                }
            ]
        }
    }
}