{
    "PresetManager": {
        "Presets": {
            "Underlying container": [
                {
                    "first": "cadd65a2-a79c-4624-a0e2-fa9de28ff0db",
                    "second": {
                        "Name": "Default",
                        "Values": [
                            {
                                "index": 1,
                                "data": {
                                    "Name": "Detail",
                                    "Value": 50,
                                    "Metadata": {
                                        "Bounds": {
                                            "Has min bound": true,
                                            "Min": 10,
                                            "Has max bound": true,
                                            "Max": 200,
                                            "Drag speed": 1.0,
                                            "Use slider": false
                                        }
                                    },
                                    "Default Value": 50,
                                    "Default Metadata": {
                                        "Bounds": {
                                            "Has min bound": false,
                                            "Min": 0,
                                            "Has max bound": false,
                                            "Max": 12,
                                            "Drag speed": 0.03999999910593033,
                                            "Use slider": false
                                        }
                                    }
                                }
                            },
                            {
                                "index": 4,
                                "data": {
                                    "Name": "Seed",
                                    "Value": {
                                        "x": 0.0,
                                        "y": 0.0
                                    },
                                    "Metadata": {
                                        "Bounds": {
                                            "Has min bound": false,
                                            "Min": 0.0,
                                            "Has max bound": false,
                                            "Max": 1.0,
                                            "Drag speed": 0.009999999776482582,
                                            "Use slider": false
                                        }
                                    },
                                    "Default Value": {
                                        "x": 0.0,
                                        "y": 0.0
                                    },
                                    "Default Metadata": {
                                        "Bounds": {
                                            "Has min bound": false,
                                            "Min": 0.0,
                                            "Has max bound": false,
                                            "Max": 1.0,
                                            "Drag speed": 0.009999999776482582,
                                            "Use slider": false
                                        }
                                    }
                                }
                            }
                        ]
                    }
                }
            ]
        }
    }
}